1|Jerry Henry|01-30-97|P.O. Box 872, 3817 Cursus, Av.|Leominster|373812|M
2|Richard Kinney|01-31-60|4254 Et Road|Alajuelita|78917|M
3|Berk Snyder|04-13-95|6140 Lorem Street|Delmenhorst|3130|M
4|Evan Moreno|10-19-61|P.O. Box 223, 8385 Enim Rd.|Amelia|8812|M
5|Kylan Sullivan|05-11-47|7430 Tellus Av.|Machalí|2708|M
6|Dieter Moody|04-09-77|895-7833 Lectus. Avenue|Acoz|54518|M
7|Florence Mcmillan|07-16-71|412-1216 Vitae, Ave|Paredones|15-543|F
8|Charles Hendrix|02-18-66|Ap #959-2264 Nunc. Street|Habay-la-Vieille|140578|M
9|Daria Fletcher|04-08-87|297-1946 Magnis Ave|Linton|43-928|F
10|Athena White|11-22-93|2273 Eget Rd.|Werbomont|MO4H 1JG|F
11|Heidi Joyce|11-14-61|943-1557 Netus Street|Devonport|2803|F
12|Mollie Melendez|08-29-14|326-1458 Sed Rd.|Bingen|3770|F
13|Ian Woodward|01-01-73|352-9435 Magna. Avenue|Nieuwkerken-Waas|5860 MB|M
14|Ferris Burton|03-21-01|4462 Arcu. St.|Stamford|15-321|M
15|Kelsie Morton|01-14-10|Ap #997-5893 Donec Ave|Strausberg|27983|F
16|Trevor Strong|03-30-77|385 Sociis Rd.|North Saanich|2261 TP|M
17|Pascale Dunlap|07-26-86|Ap #933-1988 Primis Rd.|San Sostene|232209|M
18|Addison Burt|01-22-12|940-6276 Facilisi. Rd.|Saint-Georges|93241|F
19|Herman Farmer|10-14-63|Ap #501-1602 Lobortis Av.|Canora|1761|M
20|Sawyer Tran|03-05-16|9012 Ipsum St.|Białystok|10111|F
21|Bradley Huber|07-11-73|Ap #306-9927 Cras Ave|Kailua|8987|F
22|Ferdinand Ortiz|09-06-79|167-3060 Mattis Road|Saint-GŽry|53856|M
23|Lucas Cook|12-19-54|7619 Diam. Rd.|Wanganui|5621 XC|M
24|Emma Vincent|05-12-57|Ap #580-2782 Integer Rd.|Great Falls|13352|F
25|Jaden Pacheco|07-01-48|P.O. Box 736, 8389 Id, St.|Valverde|1565|M
26|Ayanna Delacruz|09-05-07|973-3839 Pharetra. Rd.|Oberpullendorf|43226|F
27|Bert Buckley|10-11-79|346-4148 Sed, Street|Alix|17972|M
28|Sydnee Simon|10-29-02|5284 Dolor, Rd.|Bertogne|5108|F
29|Keelie Stokes|10-07-50|Ap #146-9230 Orci Street|Attigliano|UW9 9FJ|F
30|Levi Holman|08-02-13|P.O. Box 614, 5208 Facilisis Avenue|Montpelier|81833|M
31|Leah Valdez|06-06-09|667-3981 Enim Street|Solre-Saint-GŽry|20737|F
32|Alfonso Mullins|11-06-94|256-2447 Eu, Street|Windermere|S4S 9R5|M
33|Jolie Holloway|02-10-16|7902 Mauris Rd.|Bridlington|12-421|F
34|Jonas Phillips|01-23-70|8293 Non, St.|Tuktoyaktuk|59014|M
35|Molly Jenkins|04-28-11|246-8586 Vivamus Street|Goderich|192523|F
36|Maia Fry|08-19-97|8438 Curae; Road|Annapolis Royal|W3Q 9SH|F
37|Kiona Figueroa|01-02-48|Ap #998-9528 Viverra. Av.|Altamura|052135|F
38|Tanya Jones|05-02-53|619 Enim. Av.|Halifax|41913|F
39|Lars Kramer|10-01-59|P.O. Box 355, 1288 Lorem. St.|Cape Breton Island|2061|M
40|Arsenio Gray|03-26-69|Ap #698-4941 Penatibus Avenue|Colwood|291332|M
41|Jerome Sutton|02-16-49|Ap #999-5073 Et Rd.|Upper Hutt|7731|M
42|Oscar Clemons|09-04-68|9207 Erat Road|Vauda Canavese|31104|M
43|Summer Parks|11-16-79|P.O. Box 110, 7415 Felis Rd.|Hondelange|274482|F
44|Griffin Benton|09-28-48|999-994 Inceptos Rd.|Peutie|06089|M
45|Jolene Sharpe|08-25-96|P.O. Box 256, 9105 Nisi Rd.|Wiesbaden|80842-749|F
46|Jerome Paul|07-16-98|7943 Semper St.|Georgia|6445|M
47|Felix Phillips|12-20-87|P.O. Box 710, 7844 Tellus Av.|Eigenbrakel|71502|M
48|Patricia Watson|11-14-41|511-932 Suspendisse Street|Vilcún|984143|F
49|Xerxes Oneal|11-02-54|P.O. Box 899, 6690 Porta St.|Purén|678717|F
50|Vera Morgan|03-17-10|P.O. Box 787, 9097 Varius Avenue|Burin|1396|F
51|Ariel Barber|04-08-61|5214 Ac Av.|Diyarbakır|4647|F
52|Daniel Perry|12-29-82|Ap #803-8866 Vitae Street|Saint-Maur-des-Fossés|74673|M
53|India Mason|03-01-46|283-293 Vitae Rd.|Bever Bievene|72341|F
54|Barry Peters|05-15-60|8325 Ligula Av.|Siculiana|92262|M
55|Alfonso Simon|08-08-01|3141 Vitae, Rd.|Khammam|65178|M
56|Chaney Melton|02-17-56|207-8379 Scelerisque Ave|Rawalpindi|AA30 3WH|M
57|Joshua Cross|07-29-86|P.O. Box 491, 1469 Integer St.|Moorsel|T54 4RL|M
58|Amity Lynn|06-29-06|8045 Et Rd.|Pimpri-Chinchwad|3190|F
59|Eve Soto|03-17-09|P.O. Box 367, 1180 Faucibus. St.|Baschi|14420|F
60|Ebony Drake|02-21-45|P.O. Box 869, 7343 Suspendisse Road|Manisa|16123|F
61|Sylvester Rhodes|09-14-66|514-746 Mauris Av.|Colchester|4302|M
62|Emmanuel Nguyen|05-04-58|9472 Non, Av.|San Calogero|970233|M
63|Paki Wolf|03-05-82|541 Metus Av.|Connah's Quay|85802|M
64|Sopoline Buckley|06-14-63|P.O. Box 288, 8213 Mattis Road|Laakdal|66430-157|F
65|Quon Oconnor|04-19-95|Ap #678-5147 Ultrices, Ave|Villers-lez-Heest|43149|M
66|Rigel Stone|11-26-48|P.O. Box 661, 3934 Phasellus Avenue|Iowa City|446758|M
67|Hope Macdonald|12-30-07|P.O. Box 927, 2811 Ultrices Rd.|Ulloa (Barrial)|609978|F
68|Denise Mcguire|07-30-93|2444 Integer Av.|Suruç|76-149|F
69|Adrienne Trujillo|04-21-90|P.O. Box 641, 8308 Semper Avenue|Gorzów Wielkopolski|68996|F
70|Macaulay Wynn|01-01-81|9774 Ornare Street|Québec City|7892|M
71|Haley Moreno|05-17-86|9996 At Road|Greenock|3435 FQ|F
72|Macon Mcgowan|08-16-74|3885 Eget Rd.|Heusden|8395|M
73|Kellie Bond|08-01-40|894 Iaculis Avenue|Ludlow|0508 DX|F
74|Allegra Atkinson|03-14-71|158-1599 Dictum Ave|Presles|726685|F
75|Cynthia Holland|11-05-94|P.O. Box 233, 7872 Ultricies Rd.|Massa Martana|68448|F
76|Gavin Hooper|10-25-90|7546 Orci, Street|Lustin|110488|M
77|Sheila Small|12-10-88|P.O. Box 386, 6397 Lectus St.|Tracadie-Shelia|75960|F
78|Aphrodite Salinas|10-06-71|701-131 Libero Ave|Marchienne-au-Pont|44-878|F
79|Barrett Acevedo|10-21-96|6452 Augue, Av.|Warburg|61912|M
80|Alice Barry|01-31-62|7684 Porta Av.|Scunthorpe|48277|F
81|Harrison Boone|09-27-03|5002 Lorem Rd.|Nobressart|30762|M
82|Raymond Patrick|12-03-42|P.O. Box 125, 1396 A, Avenue|Oostende|4429|M
83|Travis Griffith|02-19-97|Ap #554-8922 Integer St.|Waiheke Island|11915|M
84|Rosalyn Key|08-14-79|319-7679 At Av.|Galvarino|8482|F
85|Isabelle Dillard|06-10-04|915-3599 Adipiscing St.|Lolol|18254|F
86|Arden Rocha|04-19-50|Ap #888-9445 Egestas Avenue|Independence|25005-782|M
87|Aidan Lawson|05-17-00|464-4831 Urna. Ave|Kampenhout|67678|M
88|Sylvia Small|04-27-57|829-469 Risus Ave|Paternopoli|76087|F
89|Sonia Bryant|09-04-17|2289 Vel, Ave|Indianapolis|68643|F
90|Jade Drake|02-27-94|P.O. Box 712, 4212 Magna. Av.|Promo-Control|60814|F
91|Kimberley Neal|06-25-57|672-1304 Neque St.|Barbania|40786|F
92|Harriet Barber|06-11-71|P.O. Box 567, 4867 Aliquet Avenue|Municipal District|31313|F
93|Shana Battle|02-04-64|P.O. Box 472, 2775 Sed Avenue|Colchester|2544|F
94|Jael Wilson|06-19-71|9261 Nunc Rd.|Caen|694828|M
95|Murphy Matthews|03-04-96|P.O. Box 493, 6632 Ac Road|Marystown|8498|M
96|Shea Ross|11-02-80|2434 Adipiscing Avenue|Saarbrücken|52441|F
97|Emmanuel Gomez|04-10-69|2630 Turpis. Ave|Rivello|02755|M
98|Margaret Bright|05-10-13|606-4804 Vestibulum Av.|Łódź|51-107|F
99|Alden Mcbride|02-26-51|680-5664 Cras Avenue|Pointe-au-Pic|590930|M
100|Kaden Ward|09-22-85|P.O. Box 856, 5460 Tristique Avenue|Livingston|S4C 0R6|M
